rsid	HGNC	VAR	chr	pos	ref	alt
rs550463489	SAV1	chr14_51132622_T_C	14	51132622	T	C
rs35592432	FOXP1	chr3_71355240_G_C	3	71355240	G	C
rs139141690	CUX1	chr7_101499930_G_A	7	101499930	G	A
rs181042823	TNRC6A	chr16_24761046_G_A	16	24761046	G	A
rs540639423	SH2B3	chr12_111844956_C_T	12	111844956	C	T
rs184354242	BRAP	chr12_112092462_G_A	12	112092462	G	A
rs200489612	DLG4	chr17_7106378_G_A	17	7106378	G	A
rs186876435	UBAC1	chr9_138824899_C_T	9	138824899	C	T
rs148125759	UGCG	chr9_114663385_T_C	9	114663385	T	C
rs117064827	DNMT1	chr19_10334725_A_G	19	10334725	A	G
rs62236881	ZNRF3	chr22_29450193_G_A	22	29450193	G	A
rs183393610	BID	chr22_18252442_G_A	22	18252442	G	A
rs118026302	NBN	chr8_90995426_C_T	8	90995426	C	T
rs76639840	C2CD5	chr12_22610292_G_C	12	22610292	G	C
rs115820925	EPB41	chr1_29217311_G_A	1	29217311	G	A
	EROS	EROS Control GenIE 1	17	80407100		
rs112682076	KIF1B	chr1_10357806_G_C	1	10357806	G	C
rs201011002	STAT6	chr12_57498220_T_C	12	57498220	T	C
rs183228067	FUT8	chr14_66137037_A_C	14	66137037	A	C
rs74401481	KLF16	chr19_1855583_C_T	19	1855583	C	T
rs41282065	SLC9A3R1	chr17_72758167_G_A	17	72758167	G	A
rs187918276	ANKRD17	chr4_74033564_G_C	4	74033564	G	C
rs536415700	QTRT1	chr19_10815533_C_T	19	10815533	C	T
rs111932385	R3HDM4	chr19_906510_G_A	19	906510	G	A
rs141094656	GLMN	chr1_92753336_T_C	1	92753336	T	C
rs570013781	NPRL3	chr16_149539_G_A	16	149539	G	A
rs187174553	NPRL3	chr16_155132_C_T	16	155132	C	T
rs188132769	LUC7L	chr16_277399_G_A	16	277399	G	A
rs45473509	OVOL2	chr20_18031283_A_G	20	18031283	A	G
rs199994225	PLEKHG3	chr14_65209855_C_T	14	65209855	C	T
rs116831330	CEP104	chr1_3738762_G_C	1	3738762	G	C
