GenIE ID,chr,VAR,Location in GrCH8,ensembl_gene_id,id,RSid,pos,ref,alt,CSQ,Trait,HGNC,Unique Variant ID
17,14,chr14_51132622_T_C,14:50665904,ENSG00000151748,3212,rs550463489,51132622,T,C,intron_variant,mpv,SAV1,14:51132622_T_C
17.5,14,,14:50665815,,,rs35637875,51132533,T,G,,,,
18,3,chr3_71355240_G_C,,ENSG00000114861,15147,rs35592432,71355240,G,C,intron_variant,lymph,FOXP1,3:71355240_G_C
19,7,chr7_101499930_G_A,,ENSG00000257923,418,rs139141690,101499930,G,A,intron_variant,mpv,CUX1,7:101499930_G_A
20,12,chr12_111844956_C_T,,ENSG00000111252,1955,rs540639423,111844956,C,T,intron_variant,mono,SH2B3,12:111844956_C_T
21,9,chr9_114663385_T_C,9:111901105,ENSG00000148154,6852,rs148125759,114663385,T,C,intron_variant,rdw_cv,UGCG,9:114663385_T_C
22,19,chr19_10334725_A_G,19:10224049,ENSG00000130816,5291,rs117064827,10334725,A,G,intron_variant,hlr_p,DNMT1,19:10334725_A_G
22.5,19,,,,,rs2116942,10334663,T,G,,,,
23,12,chr12_22610292_G_C,,ENSG00000111731,4134,rs76639840,22610292,G,C,intron_variant,plt,C2CD5,12:22610292_G_C
24,1,chr1_29217311_G_A,,ENSG00000159023,13348,rs115820925,29217311,G,A,intron_variant,mrv,EPB41,1:29217311_G_A
25,1,chr1_10357806_G_C,Chromosome 1:10297748,ENSG00000054523,8716,rs112682076,10357806,G,C,intron_variant,wbc,KIF1B,1:10357806_G_C
26,12,chr12_57498220_T_C,Chromosome 12:57104437,ENSG00000166888,5588,rs201011002,57498220,T,C,non_coding_transcript_exon_variant,eo,STAT6,12:57498220_T_C
27,14,chr14_66137037_A_C,Chromosome 14:65670319,ENSG00000033170,9650,rs183228067,66137037,A,C,intron_variant,mch,FUT8,14:66137037_A_C
27.5,,,,,,,,,,,,,
28,19,chr19_1855583_C_T,Chromosome 19:1855584 ,ENSG00000129911,3836,rs74401481,1855583,C,T,intron_variant,mscv,KLF16,19:1855583_C_T
29,17,chr17_72758167_G_A,Chromosome 17:74762028 ,ENSG00000109062,13863,rs41282065,72758167,G,A,missense_variant,wbc,SLC9A3R1,17:72758167_G_A
30,17,EROS Control GenIE 1,,ENSG00000178927,,,82449322,,,,,EROS,
